{
	"parent": "item/handheld",
	"textures": {
		"layer0": "item/carrot_on_a_stick"
	},
	"overrides": [
		{ "predicate": { "custom_model_data": 1}, "model": "item/carrot_on_a_stick/unknown"},
		{ "predicate": { "custom_model_data": 2}, "model": "item/carrot_on_a_stick/unknown"},
		{ "predicate": { "custom_model_data": 3}, "model": "item/carrot_on_a_stick/fire0"},
		{ "predicate": { "custom_model_data": 4}, "model": "item/carrot_on_a_stick/fire1"},
		{ "predicate": { "custom_model_data": 5}, "model": "item/carrot_on_a_stick/unknown"},
		{ "predicate": { "custom_model_data": 6}, "model": "item/carrot_on_a_stick/laser0"},
		{ "predicate": { "custom_model_data": 7}, "model": "item/carrot_on_a_stick/laser1"},
		{ "predicate": { "custom_model_data": 8}, "model": "item/carrot_on_a_stick/unknown"},
		{ "predicate": { "custom_model_data": 9}, "model": "item/carrot_on_a_stick/steal"},
		{ "predicate": { "custom_model_data": 10}, "model": "item/carrot_on_a_stick/lightning0"},
		{ "predicate": { "custom_model_data": 11}, "model": "item/carrot_on_a_stick/lightning1"},
		{ "predicate": { "custom_model_data": 12}, "model": "item/carrot_on_a_stick/lightning2"},
		{ "predicate": { "custom_model_data": 13}, "model": "item/carrot_on_a_stick/morph0"},
		{ "predicate": { "custom_model_data": 14}, "model": "item/carrot_on_a_stick/morph1"},
		{ "predicate": { "custom_model_data": 15}, "model": "item/carrot_on_a_stick/morph2"},
		{ "predicate": { "custom_model_data": 16}, "model": "item/carrot_on_a_stick/coffee"},
		{ "predicate": { "custom_model_data": 17}, "model": "item/carrot_on_a_stick/tree0"},
		{ "predicate": { "custom_model_data": 18}, "model": "item/carrot_on_a_stick/tree1"},
		{ "predicate": { "custom_model_data": 19}, "model": "item/carrot_on_a_stick/tree2"},
		{ "predicate": { "custom_model_data": 20}, "model": "item/carrot_on_a_stick/switch"},
		{ "predicate": { "custom_model_data": 21}, "model": "item/carrot_on_a_stick/reflect"},
		{ "predicate": { "custom_model_data": 22}, "model": "item/carrot_on_a_stick/water0"},
		{ "predicate": { "custom_model_data": 23}, "model": "item/carrot_on_a_stick/water1"},
		{ "predicate": { "custom_model_data": 24}, "model": "item/carrot_on_a_stick/zip"},
		{ "predicate": { "custom_model_data": 25}, "model": "item/carrot_on_a_stick/ice0"},
		{ "predicate": { "custom_model_data": 26}, "model": "item/carrot_on_a_stick/ice1"},
		{ "predicate": { "custom_model_data": 27}, "model": "item/carrot_on_a_stick/bridge"},
		{ "predicate": { "custom_model_data": 28}, "model": "item/carrot_on_a_stick/teleport"},
		{ "predicate": { "custom_model_data": 29}, "model": "item/carrot_on_a_stick/locate"},
		{ "predicate": { "custom_model_data": 30}, "model": "item/carrot_on_a_stick/unknown"},
		{ "predicate": { "custom_model_data": 31}, "model": "item/carrot_on_a_stick/unknown"},
		{ "predicate": { "custom_model_data": 32}, "model": "item/carrot_on_a_stick/heal0"},
		{ "predicate": { "custom_model_data": 33}, "model": "item/carrot_on_a_stick/unknown"},
		{ "predicate": { "custom_model_data": 34}, "model": "item/carrot_on_a_stick/unknown"},
		{ "predicate": { "custom_model_data": 35}, "model": "item/carrot_on_a_stick/unknown"},
		{ "predicate": { "custom_model_data": 36}, "model": "item/carrot_on_a_stick/heal1"}
	]
}
